{"frames":{"man0.png":{"frame":{"x":0,"y":0,"w":480,"h":352},"rotated":false,"trimmed":false,"spriteSourceSize":{"x":0,"y":0,"w":480,"h":352},"sourceSize":{"w":480,"h":352}},"man1.png":{"frame":{"x":480,"y":0,"w":480,"h":352},"rotated":false,"trimmed":false,"spriteSourceSize":{"x":0,"y":0,"w":480,"h":352},"sourceSize":{"w":480,"h":352}},"man2.png":{"frame":{"x":960,"y":0,"w":480,"h":352},"rotated":false,"trimmed":false,"spriteSourceSize":{"x":0,"y":0,"w":480,"h":352},"sourceSize":{"w":480,"h":352}},"man3.png":{"frame":{"x":0,"y":352,"w":480,"h":352},"rotated":false,"trimmed":false,"spriteSourceSize":{"x":0,"y":0,"w":480,"h":352},"sourceSize":{"w":480,"h":352}},"man4.png":{"frame":{"x":480,"y":352,"w":480,"h":352},"rotated":false,"trimmed":false,"spriteSourceSize":{"x":0,"y":0,"w":480,"h":352},"sourceSize":{"w":480,"h":352}},"man5.png":{"frame":{"x":960,"y":352,"w":480,"h":352},"rotated":false,"trimmed":false,"spriteSourceSize":{"x":0,"y":0,"w":480,"h":352},"sourceSize":{"w":480,"h":352}},"man6.png":{"frame":{"x":0,"y":704,"w":480,"h":352},"rotated":false,"trimmed":false,"spriteSourceSize":{"x":0,"y":0,"w":480,"h":352},"sourceSize":{"w":480,"h":352}},"man7.png":{"frame":{"x":480,"y":704,"w":480,"h":352},"rotated":false,"trimmed":false,"spriteSourceSize":{"x":0,"y":0,"w":480,"h":352},"sourceSize":{"w":480,"h":352}},"man8.png":{"frame":{"x":960,"y":704,"w":480,"h":352},"rotated":false,"trimmed":false,"spriteSourceSize":{"x":0,"y":0,"w":480,"h":352},"sourceSize":{"w":480,"h":352}},"man9.png":{"frame":{"x":0,"y":1056,"w":480,"h":352},"rotated":false,"trimmed":false,"spriteSourceSize":{"x":0,"y":0,"w":480,"h":352},"sourceSize":{"w":480,"h":352}},"man10.png":{"frame":{"x":480,"y":1056,"w":480,"h":352},"rotated":false,"trimmed":false,"spriteSourceSize":{"x":0,"y":0,"w":480,"h":352},"sourceSize":{"w":480,"h":352}},"man11.png":{"frame":{"x":960,"y":1056,"w":480,"h":352},"rotated":false,"trimmed":false,"spriteSourceSize":{"x":0,"y":0,"w":480,"h":352},"sourceSize":{"w":480,"h":352}},"man12.png":{"frame":{"x":0,"y":1408,"w":480,"h":352},"rotated":false,"trimmed":false,"spriteSourceSize":{"x":0,"y":0,"w":480,"h":352},"sourceSize":{"w":480,"h":352}}},"meta":{"app":"https://github.com/piskelapp/piskel/","version":"1.0","image":"man.png","format":"RGBA8888","size":{"w":1440,"h":1760}}}